epoch,train_loss,valid_loss,acc_shape,acc_orientation,acc_marginal_zone,acc_echo_pattern,acc_posterior_features,rmse_likelihood_of_malignancy,acc_pathology,combined_error,time
173,14.838082313537598,17.025022506713867,0.5208333730697632,0.6458333730697632,0.2291666716337204,0.1041666641831398,0.5416666865348816,0.3854589462280273,0.7708333134651184,3.572958707809448,00:04
119,15.01244068145752,16.191194534301758,0.5869565606117249,0.8260869383811951,0.4130434691905975,0.239130437374115,0.6521739363670349,0.2916015684604645,0.782608687877655,2.7916014194488525,"0    00:05
Name: time, dtype: object"
213,14.454054832458496,16.3359432220459,0.7234042286872864,0.8085106611251831,0.2978723347187042,0.3404255211353302,0.5744680762290955,0.3677777349948883,0.7446808218955994,2.8784162998199463,"0    00:05
Name: time, dtype: object"
257,14.012199401855469,17.241395950317383,0.6382978558540344,0.8085106611251831,0.3617021143436432,0.2978723347187042,0.5319148898124695,0.3424679636955261,0.5531914830207825,3.150978803634644,"0    00:05
Name: time, dtype: object"
216,13.881555557250977,17.23143768310547,0.6521739363670349,0.6521739363670349,0.32608696818351746,0.28260868787765503,0.5,0.29542574286460876,0.717391312122345,3.1649909019470215,"0    00:05
Name: time, dtype: object"
