epoch,train_loss,valid_loss,acc_shape,acc_orientation,acc_marginal_zone,acc_echo_pattern,acc_posterior_features,rmse_likelihood_of_malignancy,acc_pathology,combined_error,time
116,14.38397694,15.3875227,0.520833313,0.708333313,0.479166657,0.104166664,0.645833313,0.359187126,0.791666687,3.109187126,0:08
199,13.8297348,16.35083199,0.652173936,0.869565189,0.391304344,0.239130437,0.630434811,0.291613281,0.652173936,2.856830835,"0    00:08
Name: time, dtype: object"
286,13.52209759,16.24262238,0.617021263,0.851063848,0.425531924,0.255319148,0.574468076,0.307332247,0.808510661,2.775417328,"0    00:07
Name: time, dtype: object"
156,13.535676,16.50901794,0.702127635,0.872340441,0.404255331,0.297872335,0.595744669,0.255144715,0.638297856,2.744506598,"0    00:08
Name: time, dtype: object"
152,13.91384411,16.60107231,0.695652187,0.608695626,0.369565219,0.326086968,0.565217376,0.251294643,0.695652187,2.990424871,0:07
